use bank1;

DELETE FROM bank_details;

INSERT into bank_details values('PES BANK', 'Vijaya Nagar','Hassan','Karnataka','PESB1088');
INSERT into bank_details values('PES BANK', 'Kuvempunagar','Mysore','Karnataka','PESB2011');
INSERT into bank_details values('PES BANK', 'Vidya Nagar','Hassan','Karnataka','PESB1675');
INSERT into bank_details values('PES BANK', 'Hemavathinagar','Mandya','Karnataka','PESB7865');
INSERT into bank_details values('PES BANK', 'JP Nagar','Bellary','Karnataka','PESB5642');
INSERT into bank_details values('PES BANK', 'VV Puram','Chikmagalur','Karnataka','PESB1089');
INSERT into bank_details values('PES BANK', 'MG Road','Bangalore','Karnataka','PESB2022');
INSERT into bank_details values('PES BANK', 'IG Road','New Delhi','Delhi','PESB0001');
INSERT into bank_details values('PES BANK', 'Kalyan Nagar','Mangalore','Karnataka','PESB9731');




DELETE FROM customer;

INSERT into customer values ('Vishnu','G','Shetty',100001234, '1998-03-15','Vishnugshetty@gmail.com','vishnug1503','111 Bikkodu, Hassan ,Karnataka', 'M','PESB1088');
INSERT into customer values ('Shreyas',NULL,'IP',100004321, '1999-06-17','Shreyasip17@gmail.com','shreyas06gmail','182 sakleshpur, Hassan ,Karnataka', 'M','PESB1675');
INSERT into customer values ('Shubhakar','M','Alur',100005642, '1989-12-12','ShubhakaraM@yahoo.com','ShubhakaraYahoo','453 Alur, Sakleshpur,Karnataka', 'M','PESB1088');
INSERT into customer values ('Virat','K','Kohli',987651234, '1989-10-05','ViratKolhi@gmail.com','Kohli18','518 Race Course Road, New Delhi,Delhi', 'M','PESB0001');
INSERT into customer values ('Rakshitha','M','D',200001234, '1999-03-31','RakshithaMD@gmail.com','rakshu123','111 Bus stand road,HN Pura ,Karnataka', 'F','PESB7865');
INSERT into customer values ('Monica','H','D',200004321, '1999-03-11','MOonika@gmail.com','Monikaemail','110 Hemavathinagar, Hassan,Karnataka', 'F','PESB1675');
INSERT into customer values ('Preetham','K','Mandya',300001242, '1999-07-22','PreethamK@gmail.com','Preetham777','112 Hemavathinagar, Mandya,Karnataka', 'M','PESB7865');
INSERT into customer values ('Srihari','V','Torgal',400001234, '1979-09-27','SVTorgal@gmail.com','svt1223','870 Kuvempunagar, Mysore,Karnataka', 'M','PESB2011');
INSERT into customer values ('Nithin','B','J',500008731, '1999-11-14','NithinBJ@yahoo.com','Nithinckm','999 VV Puram, Chikmagalur,Karnataka', 'M','PESB1089');
INSERT into customer values ('Pranamya','C','Kashyap',500008732, '1999-12-14','Pranamya@gmail.com','Pranamya123','998 VV Puram, Chikmagalur,Karnataka', 'M','PESB1089');
INSERT into customer values ('Srihari','V','Torgal',400001235, '1979-09-27','SVTorgal@gmail.com','svt1223','870 Kuvempunagar, Mysore,Karnataka', 'M','PESB2011');
INSERT into customer values ('Vishnu','G','Shetty',100001235, '1998-03-15','Vishnugshetty@gmail.com','vishnug1503','111 Bikkodu, Hassan ,Karnataka', 'M','PESB1088');
INSERT into customer values ('Shreyas',NULL,'IP',100004322, '1999-06-17','Shreyasip17@gmail.com','shreyas06gmail','182 sakleshpur, Hassan ,Karnataka', 'M','PESB1675');
INSERT into customer values ('Vidya','D','Acharya',200009876, '1999-10-29','VidyaD@gmail.com','vidyaD28','341 KR Puram, Hassan ,Karnataka', 'F','PESB1675');
INSERT into customer values ('Dharani','D','Daddanar',300005678, '1999-03-01','Sanju@gmail.com','sanjugmail','198 KR Pete, Mandya ,Karnataka', 'F','PESB7865');
INSERT into customer values ('Kishor','H','G',700001111, '1999-05-19','KishorHG@gmail.com','Kishorhg03','874 MG Road, Bengaluru ,Karnataka', 'M','PESB2022');
INSERT into customer values ('Bindu','V','Acharya',800001122, '1997-09-11','BinduV@gmail.com','Binduemail','001 VV Puram, Bellary ,Karnataka', 'F','PESB5642');
INSERT into customer values ('Yathin','D','MM',700001133, '1975-11-07','YathinDeep@gmail.com','YathinDeepMM','541 IG Road, Bengaluru ,Karnataka', 'M','PESB2022');
INSERT into customer values ('Vignesh','B','S',900001256, '1969-01-11','VigneshBS11@gmail.com','Viggu123','791 Jama Masjid Road, Old Delhi ,Delhi', 'M','PESB0001');
INSERT into customer values ('Akshay','S','Ganesh',100008888, '1996-01-01','Akshaysg1@gmail.com','Akshay123','97 Agrahara, Hassan,Karnataka', 'M','PESB1675');
INSERT into customer values ('Nischitha','B','Alur',100067368, '1998-02-19','NischithaBH@gmail.com','Nishugmail','12 Hemavathinagar, Mandya,Karnataka', 'F','PESB7865');
INSERT into customer values ('Shashank','K','Gowda',100006742, '1998-12-31','Shashank@gmail.com','Shashagmail','148 Zindal  ,Bellary,Karnataka', 'M','PESB5642');
INSERT into customer values ('Sadhan','G','Gowda',100067061, '1976-01-03','Sadhan@gmail.com','sadhangmail12','896 Kuvempunagar, Mysore,Karnataka', 'M','PESB2011');
INSERT into customer values ('Nishcith','H','Belur',100022451, '1988-08-22','NischithHY@yahoo.com','Nishchithyahoooooo','436 Race Course, Bengaluru,Karnataka', 'M','PESB2022');
INSERT into customer values ('Ashwini',NULL,'Shetty',100056231, '1991-10-18','AshwiniShuu@gmail.com','Ashhhhhhhhh','09,Hemavathinagar, Mysore,Karnataka', 'F','PESB7865');
INSERT into customer values ('Keerthana','K','D',100067831, '1972-11-15','Keerthanaaaa@yahoo.com','Keeeeruuuuuu','12 Pension Mohalla,Chikmagalur, Karnataka', 'F','PESB1089');
INSERT into customer values ('Chandana','A','Y',100090062, '1999-08-24','ChandanaAY@gmail.com','Chandu1223','167 Hemavathinagar, Mysore,Karnataka', 'F','PESB2011');
INSERT into customer values ('Anusha','K','Hsn',100056241, '1995-07-02','AnushaK@gmail.com','Anushakmail','10 Hemavathinagar, Hassan,Karnataka', 'F','PESB1675');
INSERT into customer values ('Sahana','J','Gowda',100078921, '1985-05-23','SahanaGowda@gmail.com','SahanaGowda','18 Zindal road, Bellary,Karnataka', 'F','PESB5642');
INSERT into customer values ('Rahul','K','Ju',100023681, '1984-12-09','RahulKKL@gmail.com','RahulKKL','12 Parliament Road,Old Delhi, Delhi', 'M','PESB0001');
INSERT into customer values ('Sourabh','M','Pant',100067252, '1988-03-10','Sourabh@gmail.com','SourabhPaaant','89 Lok Kalyan Marg, Delhi,New Delhi', 'M','PESB0001');
INSERT into customer values ('Anoop','G','Naveen',100082628, '1998-02-19','AnoopNaveen@gmail.com','Nishugmail','12 VV Puram, Chikmagalur,Karnataka', 'M','PESB1089');
INSERT into customer values ('Abhijit','B','Ku',100012834, '1978-12-09','Abhijit@gmail.com','Abhijittt123','008 Kalyan Nagar, Mandya,Karnataka', 'M','PESB7865');
INSERT into customer values ('Roshan','L','Kapadia',100019026, '1998-10-29','RoshanK@yahoo.com','Roshan123email','66 Kalyan Nagar, Mangalore,Karnataka', 'M','PESB9731');
INSERT into customer values ('Ravi','D','Kapoor',100018978, '1963-10-09','RaviKapoor@yahoo.com','RaviKapoor123','66 Kalyan Nagar, Mangalore,Karnataka', 'M','PESB9731');
INSERT into customer values ('Gopal','M','Das',100013241, '1961-01-18','GopalDas@gmai.com','Gopal123email','78 Beach road, Mangalore,Karnataka', 'M','PESB9731');
INSERT into customer values ('Kiran','G','Sharma',100056371, '1984-05-11','GGKiranSharma@gmail.com','GGKiranSharma123','98 Sky Apartments, Mangalore,Karnataka', 'M','PESB9731');
INSERT into customer values ('Ramya','O','Pillai',100028108, '1967-07-17','PillaiRamya@yahoo.com','PillaiRamemail','#11 Brigade Apartments, Race Course,New Delhi', 'F','PESB0001');
INSERT into customer values ('Sujan','D','Silva',100078021, '2000-01-24','Sujanaloy@gmail.com','Sujannnemail','1097 Toll Gate,sakleshpur,Karnataka', 'M','PESB1088');
INSERT into customer values ('Suman','D','Silva',100078023, '2002-06-14','Sumanyop@gmail.com','Sumanynemail','1097 Toll Gate,sakleshpur,Karnataka', 'M','PESB1088');
INSERT into customer values ('Suraj',NULL,'MM',100089313, '2000-06-21','Surajmm@gmail.com','Surajpes','109 Yelhanka,bangalore,Karnataka', 'M','PESB2022');
INSERT into customer values ('Navya','k','dr',100087341, '1987-02-21','navyak@gmail.com','navyapes','139 Yelhanka,bangalore,Karnataka', 'F','PESB2022');
INSERT into customer values ('Nida',NULL,'Rais',100089391, '2001-07-21','Nidarais@gmail.com','nidapes','1012 Yelhanka,bangalore,Karnataka', 'F','PESB2022');
INSERT into customer values ('Sharath','d','peter',100045613, '1999-09-1','sharath@gmail.com','sharath123','16 Zindal,Bellary,Karnataka', 'M','PESB5642');
INSERT into customer values ('Srushti','D','Rao',100089399, '1971-12-23','Srushtirao@gmail.com','srussshh','190 Race Course road,Delhi,New Delhi', 'F','PESB0001');
INSERT into customer values ('Fawaz','R','Hussain',100089312, '1971-06-2','Fawaz123@gmail.com','srfawat','121 mg road,Chikmagalur ,Karnataka', 'M','PESB1089');
INSERT into customer values ('Abhay',NULL,'Rao',100150000, '1981-03-27','abhay123@gmail.com','abhaaaaaay','12 iron man street, Mandya,Karnataka', 'M','PESB7865');
INSERT into customer values ('Sherlock',NULL,'Holmes',100150002, '1998-03-27','sherlock12@yahoo.com','sherlock12','112 Bakers streer ,London,UK', 'M','PESB0001');
INSERT into customer values ('Iron',NULL,'man',100150005, '1992-12-21','iamiron@gmail.com','kabana123',' 009 hoskerehalli,bangalore,Karnataka', 'F','PESB1088');
INSERT into customer values ('Thor','D','anna',100150006, '1971-04-12','thorannaba@gmail.com','brngmethanos','100 Race Course road,asgard,mars', 'M','PESB9731');









INSERT into account values (10001111,100443,100001234);
INSERT into account values (10001211,85000,100004321);
INSERT into account values (10001121,14001,100005642);
INSERT into account values (10001122,67575241,987651234);
INSERT into account values (10002211,12012,200001234);
INSERT into account values (10002221,70123,200004321);
INSERT into account values (10002333,900,300001242);
INSERT into account values (10002213,415476,400001234);
INSERT into account values (10002235,800743,100001235);
INSERT into account values (10002331,6587,100004322);
INSERT into account values (10004441,596043,200009876);
INSERT into account values (10001209,9456,300005678);
INSERT into account values (10001191,29087,700001111);
INSERT into account values (10001119,6534,800001122);
INSERT into account values (10001991,77523,700001133);
INSERT into account values (10001999,1443,900001256);
INSERT into account values (10001288,80,500008731);
INSERT into account values (10001882,23451,500008732);
INSERT into account values (10002214,112476,400001235);
INSERT into account values (10002444,312476,100008888);
INSERT into account values (10052617,312476,100067368);
INSERT into account values (10052666,6091,100006742);
INSERT into account values (10003241,721,100067061);
INSERT into account values (10009072,2100,100022451);
INSERT into account values (10004782,12300,100056231);
INSERT into account values (10002095,13100,100067831);
INSERT into account values (10001789,19070,100090062);
INSERT into account values (10002459,49130,100056241);
INSERT into account values (10008740,913,100078921);
INSERT into account values (10006523,3781,100023681);
INSERT into account values (10007811,132881,100067252);
INSERT into account values (10008890,88100,100082628);
INSERT into account values (10007882,10070,100012834);
INSERT into account values (10005422,10470,100019026);
INSERT into account values (10004431,972,100018978);
INSERT into account values (10002233,726270,100013241);
INSERT into account values (10003311,3416,100056371);
INSERT into account values (10004537,41608,100028108);
INSERT into account values (10005281,60118,100078021);
INSERT into account values (10007789,4608,100078023);
INSERT into account values (10005444,765,100089313);
INSERT into account values (10005441,1000,100087341);
INSERT into account values (10005479,1200,100089391);
INSERT into account values (10008128,4100,100045613);
INSERT into account values (10009612,89000,100089399);
INSERT into account values (10009632,98800,100089312);
INSERT into account values (10009142,12800,100150000);
INSERT into account values (10009174,56800,100150002);
INSERT into account values (10009181,7800,100150005);
INSERT into account values (10009172,82800,100150006);
















INSERT into transaction values (10001111,1000, NULL, 101122,'2018-09-02','11:21:04');
INSERT into transaction values (10001882,NULL, 500, 78977907,'2019-01-01','12:02:34');
INSERT into transaction values (10002444,2000, NULL, 12977907,'2019-03-11','02:12:14');
INSERT into transaction values (10001999,NULL, 1500, 98777907,'2017-06-01','10:02:34');
INSERT into transaction values (10001882,500, NULL, 71277907,'2019-01-11','12:12:14');
INSERT into transaction values (10001999,1281,NULL, 78671324,'2018-07-04','08:01:34');
INSERT into transaction values (10002213,NULL, 1500, 90977907,'2018-11-10','07:09:43');
INSERT into transaction values (10002211,NULL, 6541, 1277907,'2018-10-09','09:01:08');
INSERT into transaction values (10001191,9082, NULL, 71117907,'2017-05-02','04:12:03');
INSERT into transaction values (10007789,802, NULL, 95117907,'2018-05-02','05:12:03');
INSERT into transaction values (10004537,1802, NULL, 15117987,'2018-11-12','08:12:47');
INSERT into transaction values (10003311,NULL, 1006, 1896800,'2018-01-15','08:02:41');
INSERT into transaction values (10007882,NULL, 900, 1896865,'2018-11-05','07:12:44');
INSERT into transaction values (10002095,NULL, 500, 8899861,'2018-06-14','09:00:40');
INSERT into transaction values (10008740,100, NULL, 8812361,'2018-08-04','09:10:10');
INSERT into transaction values (10007811,907, NULL, 8899221,'2017-01-14','12:01:12');
INSERT into transaction values (10006523,NULL, 403, 3374812,'2019-01-22','06:20:19');
INSERT into transaction values (10002233,NULL, 1000, 9900071,'2018-10-14','09:00:40');
INSERT into transaction values (10008890,NULL, 4512, 8899864,'2018-06-14','01:00:40');
INSERT into transaction values (10002095,1254, NULL, 7806621,'2019-02-19','12:00:00');
INSERT into transaction values (10005444,10, NULL, 6377211,'2019-12-09','12:00:00');
INSERT into transaction values (10009632,2000, NULL, 99163237,'2009-11-09','11:01:45');
INSERT into transaction values (10009142,NULL, 199, 6775453,'2015-12-02','03:02:07');
INSERT into transaction values (10009174,8000, NULL, 95382572,'2015-12-02','07:02:45');
INSERT into transaction values (10009181,670, NULL, 95382578,'2019-01-05','09:00:07');
INSERT into transaction values (10009181,NULL, 59, 95382539,'2015-01-05','10:00:07');










INSERT into card values ('6212 2332 1526 1728', 781, '2017-08-01', '2023-08-06', 'Vishnu',10001111);
INSERT into card values ('7825 2527 1822 0273', 922, '2015-01-02', '2020-02-10', 'Yathin', 10001991);
INSERT into card values ('1267 2826 6383 9631', 123, '2019-01-12', '2025-10-06', 'Monica', 10002221);
INSERT into card values ('1097 5272 7936 9273', 539, '2018-11-25', '2021-11-01', 'Akshay', 10002444);
INSERT into card values ('4272 7292 7263 0036', 163, '2018-10-11', '2028-01-02', 'Srihari',10002213);
INSERT into card values ('8390 0037 1527 1637', 893, '2018-06-29', '2025-02-26', 'Vidya',10004441);
INSERT into card values ('0073 6372 2623 1183', 898, '2017-01-17', '2024-11-09', 'Shubhakar',10001121);
INSERT into card values ('0023 6332 9303 1333', 352, '2018-09-05', '2026-08-01', 'Srihari',10002214);
INSERT into card values ('1748 8393 3731 7383', 902, '2017-01-08', '2023-08-01', 'Pranamya',10001882);
INSERT into card values ('9373 3738 3638 8438', 516, '2018-12-04', '2027-01-02', 'Dharani',10001209);
INSERT into card values ('5567 4227 2529 0092', 690, '2019-02-04', '2021-01-03', 'Kiran',10003311);
INSERT into card values ('8899 5523 0000 3251', 431, '2018-12-21', '2024-07-01', 'Nischith',10009072);
INSERT into card values ('6679 4231 6353 4412', 031, '2019-01-09', '2024-05-11', 'Abhijit',10007882);
INSERT into card values ('0083 4252 6721 1639', 901, '2017-10-16', '2021-03-16', 'Chandana',10001789);
INSERT into card values ('1192 6732 1512 1792', 902, '2018-01-03', '2024-05-10', 'Keerthana',10002095);
INSERT into card values ('7783 0202 5251 7821', 640, '2017-10-11', '2020-08-01', 'Anoop',10008890);
INSERT into card values ('5361 4432 1903 0018', 896, '2015-01-16', '2019-12-10', 'Sujan',10005281);
INSERT into card values ('0632 6672 2314 7254', 481, '2017-05-19', '2021-01-12', 'Ramya',10004537);
INSERT into card values ('1174 7832 1729 0013', 072, '2016-10-28', '2021-05-29', 'Roshan',10005422);
INSERT into card values ('1102 7382 9936 5710', 147, '2018-03-22', '2021-03-15', 'Rahul',10006523);
INSERT into card values ('5362 3637 7494 2363', 647, '2015-01-21', '2022-03-11', 'Suraj',10005444);
INSERT into card values ('2526 4527 3839 0877', 007, '2014-01-21', '2020-09-18', 'Navya',10005441);
INSERT into card values ('2082 1007 4494 1820', 162, '2014-01-21', '2022-05-05', 'Nida',10005479);
INSERT into card values ('2929 3607 1872 2364', 130, '2018-01-21', '2022-04-07', 'Fawaz',10009632);
INSERT into card values ('9363 3633 5924 5361', 289, '2014-01-21', '2020-12-05', 'Sherlock',10009174);













INSERT into wallet values (1300,10001111 );
INSERT into wallet values (637,10001211);
INSERT into wallet values (1627,10002235);
INSERT into wallet values (1272,10001991 );
INSERT into wallet values (292,10002444 );
INSERT into wallet values (820,10002214 );
INSERT into wallet values (100,10001288 );
INSERT into wallet values (162,10001999);
INSERT into wallet values (30,10002213);
INSERT into wallet values (14,10004441);
INSERT into wallet values (100,10007789);
INSERT into wallet values (30,10005281);
INSERT into wallet values (2700,10004537);
INSERT into wallet values (194,10002233);
INSERT into wallet values (178,10004782);
INSERT into wallet values (978,10002459);
INSERT into wallet values (125,10052617);
INSERT into wallet values (189,10052666);
INSERT into wallet values (1120,10004782);
INSERT into wallet values (1271,10007811);
INSERT into wallet values (92,10005422);
INSERT into wallet values (110,10001789);
INSERT into wallet values (11,10008740);
INSERT into wallet values (22,10004431);
INSERT into wallet values (7,10003241);
INSERT into wallet values (567,10001209);
INSERT into wallet values (56,10005444);
INSERT into wallet values (100,10005441);
INSERT into wallet values (520,10009142);
INSERT into wallet values (299,10009174);
INSERT into wallet values (130,10009181);
INSERT into wallet values (290,10008128);
















INSERT into loan values (1092 ,'Agriculture',25000, 1.24, '2025-11-12',10001209 );
INSERT into loan values (1191 ,'Home',1800000, 8.50, '2030-04-02', 10002213);
INSERT into loan values (1089 ,'Vehicle',50000, 7.50, '2024-03-24',10001882 );
INSERT into loan values (2190 ,'Education',1500000, 10.50, '2026-08-14', 10004441);
INSERT into loan values (9622 ,'Education',1800000, 10.50, '2028-10-22', 10001789);
INSERT into loan values (8341 ,'Home',1200000, 9.50, '2030-10-21',10007789 );
INSERT into loan values (8331 ,'Agriculture',250000, 2.50, '2025-05-22',10003311 );
INSERT into loan values (9353 ,'Agriculture',250000, 2.50, '2025-05-22',10009072 );
INSERT into loan values (9321 ,'Vehicle',800000, 6.75, '2021-10-19', 10001191);
INSERT into loan values (9099 ,'Vehicle',130000, 7.75, '2024-11-17', 10002095);
INSERT into loan values (9421 ,'Home',130000, 8.75, '2025-12-16', 10007882);


INSERT into loan values (2671 ,'Home',170000, 9.75, '2026-11-17', 10005444);
INSERT into loan values (5676 ,'Vehicle',90000, 6.50, '2024-01-21', 10009181);
INSERT into loan values (5671 ,'Agriculture',40000, 1.75, '2026-11-17', 10005479);
INSERT into loan values (4121 ,'Education',180000, 3.75, '2024-04-17', 10009172);

















INSERT into nominee values ('Vaish', 'Shetty', 22, 'Sister', 'F', 100001234);
INSERT into nominee values ('Vishnu', 'Shetty', 20, 'Brother', 'M',100004321);
INSERT into nominee values ('Jayamma', 'Alur', 50, 'Mother', 'F',100005642);
INSERT into nominee values ('Pavithra', 'HS', 29, 'Sister', 'F',300001242);
INSERT into nominee values ('Nischitha', 'MD', 25, 'Sister', 'F',200001234);
INSERT into nominee values ('Adrith', 'Torgal', 10, 'Son', 'M',400001234);
INSERT into nominee values ('Aarohi', 'Torgal', 16, 'Daughter', 'F',400001235);
INSERT into nominee values ('Ratna', 'Ganesh', 50, 'Mother', 'F',100008888);
INSERT into nominee values ('Ramya', 'Torgal', 30, 'Wife', 'F',400001235);
INSERT into nominee values ('Ivy', 'Dsilva', 50, 'Mother', 'F',100078021);
INSERT into nominee values ('Sujan', 'Dsilva', 20, 'Brother', 'M',100078023);
INSERT into nominee values ('Ivy', 'Dsilva', 50, 'Mother', 'F',100078023);
INSERT into nominee values ('Anish', 'Pandey', 66, 'Father', 'M',100018978);
INSERT into nominee values ('Mowna', 'K', 22, 'Sister', 'F',100067368);
INSERT into nominee values ('Vinu', 'Acharya', 18, 'Brother', 'M',100082628);
INSERT into nominee values ('Vinesh', 'Gowda', 60, 'Father', 'M',100067061);
INSERT into nominee values ('Manjunath', 'Das', 25, 'Son', 'M',100013241);



INSERT into nominee values ('Nischal', 'V', 25, 'Brother', 'M',100089313);
INSERT into nominee values ('yaksha', 'Baskar', 32, 'Sister', 'F',100089391);
INSERT into nominee values ('shaia', 'pai', 24, 'Son', 'M',100089399);
INSERT into nominee values ('mithun', 'Rao', 57, 'Father', 'M',100045613);
INSERT into nominee values ('aishwarya', 'chetty', 19, 'Sister', 'F',100150002);































